

insert into Team values('TID001', 'India National Team', 'India', 'Rahul Dravid');
insert into Team values('TID002', 'Australia National Team', 'Australia', 'Andrew McDonald');
insert into Team values('TID003', 'Sri Lanka National Team', 'Sri Lanka', 'Chris Silverwood');
insert into Team values('TID004', 'England National Team', 'England', 'Brendon McCullum');
insert into Team values('TID005', 'Pakistan National Team', 'Pakistan', 'Saqlain Mushtaq');
.


insert into Player values('P00001','TID004','Jason','Roy', 'Bat');
insert into Player values('P00002','TID003','Dhananjaya','De Silva', 'Bat');
insert into Player values('P00003','TID001','Shikhar','Dhawan', 'Bat');
insert into Player values('P00004','TID003','Charith','Asalanka', 'Bat');
insert into Player values('P00005','TID003','Danushka','Gunathilaka', 'Bat');
insert into Player values('P00006','TID003','Pathum','Nissanka', 'Bat');
insert into Player values('P00007','TID003','Dushmantha','Chameera', 'Ball');
insert into Player values('P00008','TID003','Lahiru','Kumara', 'Ball');
insert into Player values('P00009','TID003','Pramod','Madushan', 'Ball');






insert into Stadium values('Narendra Modi Stadium', 'India', 'Ahmedabad', 132000);
insert into Stadium values('Melbourne Cricket Ground', 'Australia', 'Melbourne', 100000);
insert into Stadium values('Eden Gardens', 'India', 'Kolkata', 70000);
insert into Stadium values('Perth Stadium', 'Australia', 'Perth', 61266);
insert into Stadium values('Adelaide Oval', 'Australia', 'Adeleide', 53583);
insert into Stadium values('Sydney Cricket Ground', 'Australia', 'Sydney', 48000);
insert into Stadium values('R. Premadasa Stadium', 'Sri Lanka', 'Colombo', 35000);



insert into Matches values('M001', 'TID004', 'TID001', 130, 00, 3, 124, 00, 02,'12/05/2021','Narendra Modi Stadium');
insert into Matches values('M002', 'TID003', 'TID001', 133, 00, 6, 132, 00, 05,'28/07/2021','R. Premadasa Stadium');



